,mutator,count,mean,std,95% CI Lower,95% CI Upper,min,25%,50%,75%,max
0,Document1StepMutator,30.0,0.7949711084365845,0.07569825649261475,0.7678828352419707,0.8220593816311983,0.6272813677787781,0.7487468421459198,0.8204242587089539,0.8529897332191467,0.894404411315918
1,Document2StepMutator,30.0,0.9227216839790344,0.03165094554424286,0.9113955385762808,0.9340478293817881,0.8230600357055664,0.9127462804317474,0.9289728701114655,0.9441227465867996,0.9634621739387512
2,DocumentMutator,30.0,0.8698932528495789,0.07660989463329315,0.8424787541359964,0.8973077515631613,0.7020191550254822,0.7987089455127716,0.8825902342796326,0.9219081401824951,1.0000001192092896
3,EntropyWordMutator,30.0,0.9337185025215149,0.05594969913363457,0.9136971598181172,0.9537398452249126,0.6854757070541382,0.9225043803453445,0.9476162195205688,0.9693248271942139,0.9776099324226379
4,SentenceMutator,30.0,0.7269737124443054,0.1348145455121994,0.6787309469085043,0.7752164779801065,0.34649547934532166,0.6855235993862152,0.76869335770607,0.8199813961982727,0.8610346913337708
5,SpanMutator,30.0,0.7583838701248169,0.08306965231895447,0.7286577768109378,0.788109963438696,0.48093700408935547,0.733472466468811,0.773889571428299,0.8157991617918015,0.8574888706207275
6,WordMutator,30.0,0.7696095108985901,0.08842470496892929,0.7379671366044719,0.8012518851927083,0.5114801526069641,0.750037431716919,0.8020801246166229,0.8316141366958618,0.8718434572219849
