,mutator,mean,std,t_stat,p_value,cohen_d,shapiro_p,n
0,Document1StepMutator,0.7949711,0.07442593,-14.83507742222313,4.465998060200997e-15,-2.708502,0.01736232358308811,30
1,Document2StepMutator,0.9227217,0.03111896,-13.373084808872871,6.238816699996026e-14,-2.44158,0.0033411749247229516,30
2,DocumentMutator,0.86989325,0.07532225,-9.301983405002227,3.319303929936432e-10,-1.6983021,0.5040573726662765,30
3,EntropyWordMutator,0.9337185,0.0550093,-6.488661899818883,4.207370709239702e-07,-1.1846622,4.5615968020915703e-07,30
4,SentenceMutator,0.7269737,0.1325486,-11.092471155683164,5.9699176255332156e-12,-2.025199,0.00011750508658482483,30
5,SpanMutator,0.75838387,0.08167343,-15.931040135216216,7.035061177928368e-16,-2.9085968,0.0014283984623855704,30
6,WordMutator,0.7696095,0.08693847,-14.27090554719155,1.2057907089846134e-14,-2.605499,0.0012081088734662365,30
